﻿<?xml version="1.0" encoding="utf-8"?>
<RCUConfiguration xmlns:xsi="http://www.w3.org/2001/XMLSchema-instance" xmlns:xsd="http://www.w3.org/2001/XMLSchema">
  <CommandPort>10000</CommandPort>
  <OCU_IP_Address>192.168.1.100</OCU_IP_Address>
  <RoboteqConfigurations>
    <RoboteqConfiguration>
      <COM_Port>COM3</COM_Port>
      <Timeout>250</Timeout>
      <Name>RoboteQ_1</Name>
      <OutputSettings>
        <RoboteqOutputSettings>
          <Device>FrontLeftWheel</Device>
          <Invert>true</Invert>
          <Channel>Motor1</Channel>
        </RoboteqOutputSettings>
        <RoboteqOutputSettings>
          <Device>FrontRightWheel</Device>
          <Invert>false</Invert>
          <Channel>Motor2</Channel>
        </RoboteqOutputSettings>
      </OutputSettings>
      <InputSettings>
        <TelemetryString>?V_?A_?AI</TelemetryString>
        <Interval>100</Interval>
        <TelemetryMappings>
          <TelemetryMapping>
            <TypeLabel>V</TypeLabel>
            <IndexMappings>
              <TelemetryIndexMapping>
                <Index>1</Index>
                <Telemetry>RoboteQ_1_BatteryVoltage</Telemetry>
              </TelemetryIndexMapping>
            </IndexMappings>
          </TelemetryMapping>
          <TelemetryMapping>
            <TypeLabel>A</TypeLabel>
            <IndexMappings>
              <TelemetryIndexMapping>
                <Index>0</Index>
                <Telemetry>RoboteQ_1_MotorAmpsCh1</Telemetry>
              </TelemetryIndexMapping>
              <TelemetryIndexMapping>
                <Index>1</Index>
                <Telemetry>RoboteQ_1_MotorAmpsCh2</Telemetry>
              </TelemetryIndexMapping>
            </IndexMappings>
          </TelemetryMapping>
          <TelemetryMapping>
            <TypeLabel>AI</TypeLabel>
            <IndexMappings>
              <TelemetryIndexMapping>
                <Index>0</Index>
                <Telemetry>CleanPowerBatteryAmps</Telemetry>
              </TelemetryIndexMapping>
              <TelemetryIndexMapping>
                <Index>3</Index>
                <Telemetry>CleanPowerBatteryVoltage</Telemetry>
              </TelemetryIndexMapping>
            </IndexMappings>
          </TelemetryMapping>
        </TelemetryMappings>
      </InputSettings>
    </RoboteqConfiguration>
    <RoboteqConfiguration>
      <COM_Port>COM4</COM_Port>
      <Timeout>250</Timeout>
      <Name>RoboteQ_2</Name>
      <OutputSettings>
        <RoboteqOutputSettings>
          <Device>RearLeftWheel</Device>
          <Invert>true</Invert>
          <Channel>Motor1</Channel>
        </RoboteqOutputSettings>
        <RoboteqOutputSettings>
          <Device>RearRightWheel</Device>
          <Invert>false</Invert>
          <Channel>Motor2</Channel>
        </RoboteqOutputSettings>
      </OutputSettings>
      <InputSettings>
        <TelemetryString>?V_?A</TelemetryString>
        <Interval>100</Interval>
        <TelemetryMappings>
          <TelemetryMapping>
            <TypeLabel>V</TypeLabel>
            <IndexMappings>
              <TelemetryIndexMapping>
                <Index>1</Index>
                <Telemetry>RoboteQ_2_BatteryVoltage</Telemetry>
              </TelemetryIndexMapping>
            </IndexMappings>
          </TelemetryMapping>
          <TelemetryMapping>
            <TypeLabel>A</TypeLabel>
            <IndexMappings>
              <TelemetryIndexMapping>
                <Index>0</Index>
                <Telemetry>RoboteQ_2_MotorAmpsCh1</Telemetry>
              </TelemetryIndexMapping>
              <TelemetryIndexMapping>
                <Index>1</Index>
                <Telemetry>RoboteQ_2_MotorAmpsCh2</Telemetry>
              </TelemetryIndexMapping>
            </IndexMappings>
          </TelemetryMapping>
        </TelemetryMappings>
      </InputSettings>
    </RoboteqConfiguration>
    <RoboteqConfiguration>
      <COM_Port>COM1</COM_Port>
      <Timeout>250</Timeout>
      <Name>RoboteQ_3</Name>
      <OutputSettings>
        <RoboteqOutputSettings>
          <Device>LeftBucketActuator</Device>
          <Invert>false</Invert>
          <Channel>Motor1</Channel>
        </RoboteqOutputSettings>
        <RoboteqOutputSettings>
          <Device>RightBucketActuator</Device>
          <Invert>false</Invert>
          <Channel>Motor2</Channel>
        </RoboteqOutputSettings>
      </OutputSettings>
      <InputSettings>
        <TelemetryString>?V_?A_?AI</TelemetryString>
        <Interval>100</Interval>
        <TelemetryMappings>
          <TelemetryMapping>
            <TypeLabel>V</TypeLabel>
            <IndexMappings>
              <TelemetryIndexMapping>
                <Index>1</Index>
                <Telemetry>RoboteQ_3_BatteryVoltage</Telemetry>
              </TelemetryIndexMapping>
            </IndexMappings>
          </TelemetryMapping>
          <TelemetryMapping>
            <TypeLabel>A</TypeLabel>
            <IndexMappings>
              <TelemetryIndexMapping>
                <Index>0</Index>
                <Telemetry>RoboteQ_3_MotorAmpsCh1</Telemetry>
              </TelemetryIndexMapping>
              <TelemetryIndexMapping>
                <Index>1</Index>
                <Telemetry>RoboteQ_3_MotorAmpsCh2</Telemetry>
              </TelemetryIndexMapping>
              <TelemetryIndexMapping>
                <Index>1</Index>
                <Telemetry>BeltMotorAmps</Telemetry>
              </TelemetryIndexMapping>
            </IndexMappings>
          </TelemetryMapping>
          <TelemetryMapping>
            <TypeLabel>AI</TypeLabel>
            <IndexMappings>
              <TelemetryIndexMapping>
                <Index>0</Index>
                <Telemetry>BucketPivotRawValue</Telemetry>
              </TelemetryIndexMapping>
            </IndexMappings>
          </TelemetryMapping>
        </TelemetryMappings>
      </InputSettings>
    </RoboteqConfiguration>
    <RoboteqConfiguration>
      <COM_Port>COM2</COM_Port>
      <Timeout>250</Timeout>
      <Name>RoboteQ_4</Name>
      <OutputSettings>
        <RoboteqOutputSettings>
          <Device>Actuators</Device>
          <Invert>false</Invert>
          <Channel>Motor1</Channel>
        </RoboteqOutputSettings>
        <RoboteqOutputSettings>
          <Device>Pivot</Device>
          <Invert>true</Invert>
          <Channel>Motor2</Channel>
        </RoboteqOutputSettings>
      </OutputSettings>
      <InputSettings>
        <TelemetryString>?V_?A_?AI_?DI</TelemetryString>
        <Interval>100</Interval>
        <TelemetryMappings>
          <TelemetryMapping>
            <TypeLabel>V</TypeLabel>
            <IndexMappings>
              <TelemetryIndexMapping>
                <Index>1</Index>
                <Telemetry>RoboteQ_4_BatteryVoltage</Telemetry>
              </TelemetryIndexMapping>
            </IndexMappings>
          </TelemetryMapping>
          <TelemetryMapping>
            <TypeLabel>A</TypeLabel>
            <IndexMappings>
              <TelemetryIndexMapping>
                <Index>0</Index>
                <Telemetry>RoboteQ_4_MotorAmpsCh1</Telemetry>
              </TelemetryIndexMapping>
              <TelemetryIndexMapping>
                <Index>1</Index>
                <Telemetry>RoboteQ_4_MotorAmpsCh2</Telemetry>
              </TelemetryIndexMapping>
            </IndexMappings>
          </TelemetryMapping>
          <TelemetryMapping>
            <TypeLabel>AI</TypeLabel>
            <IndexMappings>
              <TelemetryIndexMapping>
                <Index>0</Index>
                <Telemetry>BucketPitchRawValue</Telemetry>
              </TelemetryIndexMapping>
            </IndexMappings>
          </TelemetryMapping>
          <TelemetryMapping>
            <TypeLabel>DI</TypeLabel>
            <IndexMappings>
              <TelemetryIndexMapping>
                <Index>2</Index>
                <Telemetry>BucketPivotTopLimitSwitch</Telemetry>
              </TelemetryIndexMapping>
              <TelemetryIndexMapping>
                <Index>5</Index>
                <Telemetry>BucketPivotBottomLimitSwitch</Telemetry>
              </TelemetryIndexMapping>
            </IndexMappings>
          </TelemetryMapping>
        </TelemetryMappings>
      </InputSettings>
    </RoboteqConfiguration>
  </RoboteqConfigurations>
  <FrontCameraConfiguration>
    <DeviceName>@device:pnp:\\?\usb#vid_046d&amp;pid_0829&amp;mi_00#7&amp;842c165&amp;0&amp;0000#{65e8773d-8f56-11d0-a3b9-00a0c9223196}\global</DeviceName>
    <RCU_To_OCU_Framerate>10</RCU_To_OCU_Framerate>
    <JPEGQuality>25</JPEGQuality>
    <SendPort>10002</SendPort>
  </FrontCameraConfiguration>
  <RearCameraConfiguration>
    <DeviceName>@device:pnp:\\?\usb#vid_046d&amp;pid_0829&amp;mi_00#7&amp;8d3771b&amp;0&amp;0000#{65e8773d-8f56-11d0-a3b9-00a0c9223196}\global</DeviceName>
    <RCU_To_OCU_Framerate>10</RCU_To_OCU_Framerate>
    <JPEGQuality>25</JPEGQuality>
    <SendPort>10004</SendPort>
  </RearCameraConfiguration>
  <BucketCameraConfiguration>
    <DeviceName>@device:pnp:\\?\usb#vid_046d&amp;pid_081a&amp;mi_00#7&amp;296a7cd3&amp;1&amp;0000#{65e8773d-8f56-11d0-a3b9-00a0c9223196}\{bbefb6c7-2fc4-4139-bb8b-a58bba724083}</DeviceName>
    <RCU_To_OCU_Framerate>1</RCU_To_OCU_Framerate>
    <JPEGQuality>25</JPEGQuality>
    <SendPort>10006</SendPort>
  </BucketCameraConfiguration>
  <TelemetryConfiguration>
    <UpdateInterval>200</UpdateInterval>
    <TelemetryPort>10001</TelemetryPort>
    <CleanPowerAmpsConversion>
      <MaxCurrent>37.87</MaxCurrent>
      <MaxCurrentSensorValue>5000</MaxCurrentSensorValue>
      <MinCurrent>-37.87</MinCurrent>
      <MinCurrentSensorValue>0</MinCurrentSensorValue>
    </CleanPowerAmpsConversion>
    <CleanPowerVoltageConversion>
      <MinVoltage>0</MinVoltage>
      <MinVoltageSensorValue>0</MinVoltageSensorValue>
      <MaxVoltage>20.7</MaxVoltage>
      <MaxVoltageSensorValue>4400</MaxVoltageSensorValue>
    </CleanPowerVoltageConversion>
    <PitchConversion>
      <!--Settings for Actuator on AIN1-->
      <MinPitch>0</MinPitch>
      <MinPitchSensorValue>4700</MinPitchSensorValue>
      <MaxPitch>15</MaxPitch>
      <MaxPitchSensorValue>540</MaxPitchSensorValue>
    </PitchConversion>
    <PivotConversion>
      <MinPivot>0</MinPivot>
      <MinPivotSensorValue>970</MinPivotSensorValue>
      <MaxPivot>130</MaxPivot>
      <MaxPivotSensorValue>4950</MaxPivotSensorValue>
    </PivotConversion>
  </TelemetryConfiguration>
  <RearRangeFinder>
    <Port>COM8</Port>
    <StartStep>256</StartStep>
    <EndStep>512</EndStep>
    <ClusterCount>13</ClusterCount>
  </RearRangeFinder>
</RCUConfiguration>